CREATE TABLE IF NOT EXISTS `TMS_account_group_a` (
CREATE TABLE IF NOT EXISTS `TMS_account_book` (
  `year` int NOT NULL,
  `userkey` int unsigned NOT NULL,
  `bol_01` int DEFAULT NULL,
  `bol_02` int DEFAULT NULL,
  `bol_03` int DEFAULT NULL,
  `bol_04` int DEFAULT NULL,
  `bol_05` int DEFAULT NULL,
  `bol_06` int DEFAULT NULL,
  `bol_07` int DEFAULT NULL,
  `bol_08` int DEFAULT NULL,
  `bol_09` int DEFAULT NULL,
  `bol_10` int DEFAULT NULL,
  `bol_11` int DEFAULT NULL,
  `col_01` int DEFAULT NULL,
  `col_02` int DEFAULT NULL,
  `col_03` int DEFAULT NULL,
  `col_04` int DEFAULT NULL,
  `col_05` int DEFAULT NULL,
  `col_06` int DEFAULT NULL,
  `col_07` int DEFAULT NULL,
  `col_10` int DEFAULT NULL,
  `col_11` int DEFAULT NULL,
  `col_12` int DEFAULT NULL,
  `col_13` int DEFAULT NULL,
  `col_14` int DEFAULT NULL,
  `col_15` int DEFAULT NULL,
  `col_16` int DEFAULT NULL,
  `col_17` int DEFAULT NULL,
  `col_18` int DEFAULT NULL,
  `col_19` int DEFAULT NULL,
  `col_20` int DEFAULT NULL,
  `col_21` int DEFAULT NULL,
  `col_22` int DEFAULT NULL,
  `col_23` int DEFAULT NULL,
  `col_24` int DEFAULT NULL,
  PRIMARY KEY (`year`),
  CONSTRAINT `TMS_account_book_ibfk_1` FOREIGN KEY (`userkey`) REFERENCES `TMS_user` (`id`) ON UPDATE CASCADE ON DELETE CASCADE
) ENGINE=InnoDB DEFAULT CHARSET=latin1;

CREATE TABLE IF NOT EXISTS `TMS_account_group_a` (
  `group_a` varchar(4) NOT NULL,
  `title` varchar(50) NOT NULL,
  `modify_date` datetime NOT NULL DEFAULT CURRENT_TIMESTAMP ON UPDATE CURRENT_TIMESTAMP,
  PRIMARY KEY (`group_a`)
) ENGINE=InnoDB DEFAULT CHARSET=utf8;
LOCK TABLES `TMS_account_group_a` WRITE;
-- SKIP ERROR
INSERT INTO `TMS_account_group_a` VALUES ('0000','特殊口座','2010-06-22 10:35:33'),('1000','流動資産','2010-06-22 10:35:33'),('2000','固定資産','2010-06-22 10:35:33'),('3000','繰延資産','2010-06-22 10:35:33'),('4000','流動負債','2010-06-22 10:35:33'),('5000','固定負債','2010-06-22 10:35:33'),('6000','法令上の引当金','2010-06-22 10:35:33'),('7000','資本','2010-06-22 10:35:33'),('8000','経常損益','2010-06-22 10:35:33'),('9000','特別損益及び未処分損益','2010-06-22 10:35:33');
UNLOCK TABLES;

CREATE TABLE IF NOT EXISTS `TMS_account_group_b` (
  `group_a` varchar(4) NOT NULL,
  `group_b` varchar(4) NOT NULL,
  `title` varchar(50) NOT NULL,
  `modify_date` datetime NOT NULL DEFAULT CURRENT_TIMESTAMP ON UPDATE CURRENT_TIMESTAMP,
  PRIMARY KEY (`group_a`,`group_b`),
  KEY `TMS_account_group_b_ibfk_0` (`group_b`),
  KEY `TMS_account_group_b_ibfk_1` (`group_a`),
  CONSTRAINT `TMS_account_group_b_ibfk_1` FOREIGN KEY (`group_a`) REFERENCES `TMS_account_group_a` (`group_a`)
) ENGINE=InnoDB DEFAULT CHARSET=utf8;
LOCK TABLES `TMS_account_group_b` WRITE;
INSERT INTO `TMS_account_group_b` VALUES ('0000','0100','諸口','2010-06-22 10:35:33'),('1000','1100','当座資産','2010-06-22 10:35:33'),('1000','1200','棚卸資産','2010-06-22 10:35:33'),('1000','1400','その他の流動資産','2010-06-22 10:35:33'),('2000','2100','有形固定資産','2010-06-22 10:35:33'),('2000','2300','無形固定資産','2010-06-22 10:35:33'),('2000','2600','投資その他の資産','2010-06-22 10:35:33'),('3000','3100','繰延資産','2010-06-22 10:35:33'),('4000','4100','短期債務','2010-06-22 10:35:33'),('4000','4300','引当金（流動性のもの）','2010-06-22 10:35:33'),('4000','4500','その他の流動負債','2010-06-22 10:35:33'),('5000','5100','長期債務','2010-06-22 10:35:33'),('5000','5300','引当金（固定性のもの）','2010-06-22 10:35:33'),('6000','6100','商法第287条ノ2の引当金','2010-06-22 10:35:33'),('6000','6200','特別法上の準備金・引当金','2010-06-22 10:35:33'),('7000','7100','資本','2010-06-22 10:35:33'),('7000','7200','法定準備金','2010-06-22 10:35:33'),('7000','7300','その他の剰余金','2010-06-22 10:35:33'),('8000','8100','売上高','2010-06-22 10:35:33'),('8000','8200','売上原価','2010-06-22 10:35:33'),('8000','8300','販売費及び一般管理費','2010-06-22 10:35:33'),('8000','8600','営業外利益','2010-06-22 10:35:33'),('8000','8800','営業外費用','2010-06-22 10:35:33'),('9000','9100','特別利益','2010-06-22 10:35:33'),('9000','9200','特別損失','2010-06-22 10:35:33'),('9000','9800','法人税及び住民税','2010-06-22 10:35:33'),('9000','9900','当期未処分利益（又は当期未処理損失）','2010-06-22 10:35:33');
UNLOCK TABLES;

CREATE TABLE IF NOT EXISTS `TMS_account_group_c` (
  `group_b` varchar(4) NOT NULL,
  `group_c` varchar(4) NOT NULL,
  `title` varchar(50) NOT NULL,
  `modify_date` datetime NOT NULL DEFAULT CURRENT_TIMESTAMP ON UPDATE CURRENT_TIMESTAMP,
  PRIMARY KEY (`group_b`,`group_c`),
  KEY `TMS_account_group_c_ibfk_0` (`group_c`),
  KEY `TMS_account_group_c_ibfk_1` (`group_b`),
  CONSTRAINT `TMS_account_group_c_ibfk_1` FOREIGN KEY (`group_b`) REFERENCES `TMS_account_group_b` (`group_b`)
) ENGINE=InnoDB DEFAULT CHARSET=utf8;
LOCK TABLES `TMS_account_group_c` WRITE;
-- SKIP ERROR
INSERT INTO `TMS_account_group_c` VALUES ('0100','0110','諸口','2010-06-22 10:35:33'),('1100','1110','現金及び預金','2010-06-22 10:35:33'),('1100','1120','受取手形','2010-06-22 10:35:33'),('1100','1130','売掛金','2010-06-22 10:35:33'),('1100','1140','有価証券','2010-06-22 10:35:33'),('1100','1150','自己株式','2010-06-22 10:35:33'),('1100','1160','親会社株式','2010-06-22 10:35:33'),('1200','1210','商品','2010-06-22 10:35:33'),('1200','1220','製品','2010-06-22 10:35:33'),('1200','1230','副産物及び作業くず','2010-06-22 10:35:33'),('1200','1240','半製品','2010-06-22 10:35:33'),('1200','1250','原材料','2010-06-22 10:35:33'),('1200','1260','仕掛品','2010-06-22 10:35:33'),('1200','1270','貯蔵品','2010-06-22 10:35:33'),('1400','1410','前渡金','2010-06-22 10:35:33'),('1400','1420','前払費用','2010-06-22 10:35:33'),('1400','1430','未収収益','2010-06-22 10:35:33'),('1400','1440','短期貸付金','2010-06-22 10:35:33'),('1400','1450','未収入金','2010-06-22 10:35:33'),('1400','1460','預け金','2010-06-22 10:35:33'),('1400','1890','事業主貸','2010-06-22 10:35:33'),('1400','1990','貸倒引当金戻入','2014-02-21 05:18:16'),('2100','2110','建物','2010-06-22 10:35:33'),('2100','2120','構築物','2010-06-22 10:35:33'),('2100','2130','機械及び装置','2010-06-22 10:35:33'),('2100','2140','船舶航空機','2010-06-22 10:35:33'),('2100','2150','車両運搬具','2010-06-22 10:35:33'),('2100','2160','工具器具備品','2010-06-22 10:35:33'),('2100','2170','一括償却資産','2018-01-11 06:07:12'),('2200','2210','土地','2010-06-22 10:35:33'),('2200','2270','建設仮勘定','2010-06-22 10:35:33'),('2200','2290','減価償却累計額','2010-06-22 10:35:33'),('2300','2310','営業権','2010-06-22 10:35:33'),('2300','2320','特許権','2010-06-22 10:35:33'),('2300','2330','借地権（地上権を含む）','2010-06-22 10:35:33'),('2300','2350','商標権','2010-06-22 10:35:33'),('2300','2360','実用新案権','2010-06-22 10:35:33'),('2300','2370','意匠権','2010-06-22 10:35:33'),('2300','2380','鉱業権','2010-06-22 10:35:33'),('2300','2390','漁業権（入漁権を含む）','2010-06-22 10:35:33'),('2300','2410','水利権','2010-06-22 10:35:33'),('2300','2420','電話加入権','2010-06-22 10:35:33'),('2300','2430','施設利用権','2010-06-22 10:35:33'),('2600','2610','投資有価証券','2010-06-22 10:35:33'),('2600','2620','出資金','2010-06-22 10:35:33'),('2600','2630','長期貸付金','2010-06-22 10:35:33'),('2600','2710','投資固定資産','2010-06-22 10:35:33'),('2600','2810','長期前払費用','2010-06-22 10:35:33'),('3100','3110','創立費','2010-06-22 10:35:33'),('3100','3120','開業費','2010-06-22 10:35:33'),('3100','3130','新株発行費','2010-06-22 10:35:33'),('3100','3140','社債発行費','2010-06-22 10:35:33'),('3100','3150','社債発行差金','2010-06-22 10:35:33'),('3100','3160','開発費','2010-06-22 10:35:33'),('3100','3170','試験研究費','2010-06-22 10:35:33'),('3100','3180','建設利息','2010-06-22 10:35:33'),('4100','4110','支払手形','2010-06-22 10:35:33'),('4100','4120','買掛金','2010-06-22 10:35:33'),('4100','4130','短期借入金','2010-06-22 10:35:33'),('4100','4140','未払金','2010-06-22 10:35:33'),('4100','4150','未払費用','2010-06-22 10:35:33'),('4100','4160','前受金','2010-06-22 10:35:33'),('4100','4170','預り金','2010-06-22 10:35:33'),('4100','4210','前受収益','2010-06-22 10:35:33'),('4300','4310','製品保証等引当金','2010-06-22 10:35:33'),('4300','4320','売上割戻引当金','2010-06-22 10:35:33'),('4300','4330','景品費引当金','2010-06-22 10:35:33'),('4300','4340','返品調整引当金','2010-06-22 10:35:33'),('4300','4350','賞与引当金','2010-06-22 10:35:33'),('4300','4370','修繕引当金','2010-06-22 10:35:33'),('4300','4380','債務保証損失引当金','2010-06-22 10:35:33'),('4300','4390','損害補償損失引当金','2010-06-22 10:35:33'),('4500','4510','割賦販売繰延利益','2010-06-22 10:35:33'),('4500','4890','事業主借','2010-06-22 10:35:33'),('5100','5110','社債','2010-06-22 10:35:33'),('5100','5120','転換社債','2010-06-22 10:35:33'),('5100','5130','新株引受権付社債','2010-06-22 10:35:33'),('5100','5140','長期借入金','2010-06-22 10:35:33'),('5100','5150','長期未払金','2010-06-22 10:35:33'),('5100','5160','長期預り金','2010-06-22 10:35:33'),('5300','5310','退職給与引当金','2010-06-22 10:35:33'),('5300','5320','特別修繕引当金','2010-06-22 10:35:33'),('7100','7110','資本金','2010-06-22 10:35:33'),('7100','7120','新株式申込証拠金','2010-06-22 10:35:33'),('7100','7130','新株式払込金','2010-06-22 10:35:33'),('7200','7210','資本準備金','2010-06-22 10:35:33'),('7200','7260','利益準備金','2010-06-22 10:35:33'),('7300','7310','その他の資本剰余金','2010-06-22 10:35:33'),('7300','7320','任意積立金','2010-06-22 10:35:33'),('7300','7330','当期未処分利益','2010-06-22 10:35:33'),('8100','8110','売上高','2010-06-22 10:35:33'),('8100','8120','役務収益','2010-06-22 10:35:33'),('8200','8210','期首商品・製品棚卸高','2010-06-22 10:35:33'),('8200','8220','当期仕入高','2010-06-22 10:35:33'),('8200','8230','当期製品製造原価','2010-06-22 10:35:33'),('8200','8240','期末商品・製品棚卸高','2010-06-22 10:35:33'),('8300','8310','必要経費','2010-06-22 10:35:33'),('8300','8320','その他の必要経費','2010-06-22 10:35:33'),('8600','8610','受取利息及び割引料','2010-06-22 10:35:33'),('8600','8620','受取配当金','2010-06-22 10:35:33'),('8600','8630','有価証券売却益','2010-06-22 10:35:33'),('8600','8640','仕入割引','2010-06-22 10:35:33'),('8600','8650','投資不動産賃貸料','2010-06-22 10:35:33'),('8600','8790','雑収入','2010-06-22 10:35:33'),('8800','8810','支払利息及び割引料','2010-06-22 10:35:33'),('8800','8820','社債利息','2010-06-22 10:35:33'),('8800','8830','創立費償却','2010-06-22 10:35:33'),('8800','8840','開業費償却','2010-06-22 10:35:33'),('8800','8850','新株発行費償却','2010-06-22 10:35:33'),('8800','8860','社債発行費償却','2010-06-22 10:35:33'),('8800','8870','社債発行差金償却','2010-06-22 10:35:33'),('8800','8880','有価証券評価損','2010-06-22 10:35:33'),('8800','8890','有価証券売却損','2010-06-22 10:35:33'),('8800','8910','売上割引','2010-06-22 10:35:33'),('8800','8990','雑損失','2010-06-22 10:35:33'),('9100','9110','固定資産売却益','2010-06-22 10:35:33'),('9100','9120','投資有価証券売却益','2010-06-22 10:35:33'),('9100','9130','前期損益修正益','2010-06-22 10:35:33'),('9200','9210','固定資産売却・除却損','2010-06-22 10:35:33'),('9200','9220','投資有価証券売却損','2010-06-22 10:35:33'),('9200','9230','前期損益修正損','2010-06-22 10:35:33'),('9200','9240','災害損失','2010-06-22 10:35:33'),('9800','9810','法人税','2010-06-22 10:35:33'),('9800','9820','法人税追徴金','2010-06-22 10:35:33'),('9800','9830','住民税','2010-06-22 10:35:33'),('9800','9840','住民税追徴金','2010-06-22 10:35:33'),('9900','9910','前期繰越利益（又は前期繰越損失）','2010-06-22 10:35:33'),('9900','9920','中間配当積立金取崩額','2010-06-22 10:35:33'),('9900','9930','減債積立金取崩額','2010-06-22 10:35:33'),('9900','9940','事業拡張積立金取崩額','2010-06-22 10:35:33'),('9900','9950','その他の特定目的積立金取崩額','2010-06-22 10:35:33'),('9900','9970','中間配当額','2010-06-22 10:35:33'),('9900','9980','中間配当に伴う利益準備金積立額','2010-06-22 10:35:33'),('9900','9990','当期未処分利益（又は当期未処理損失）','2010-06-22 10:35:33');
UNLOCK TABLES;

CREATE TABLE IF NOT EXISTS `TMS_account_group_d` (
  `group_c` varchar(4) NOT NULL,
  `group_d` varchar(4) NOT NULL,
  `title` varchar(50) NOT NULL,
  `modify_date` datetime NOT NULL DEFAULT CURRENT_TIMESTAMP ON UPDATE CURRENT_TIMESTAMP,
  PRIMARY KEY (`group_c`,`group_d`),
  KEY `TMS_account_group_d_ibfk_0` (`group_d`),
  KEY `TMS_account_group_d_ibfk_1` (`group_c`),
  CONSTRAINT `TMS_account_group_d_ibfk_1` FOREIGN KEY (`group_c`) REFERENCES `TMS_account_group_c` (`group_c`)
) ENGINE=InnoDB DEFAULT CHARSET=utf8;
LOCK TABLES `TMS_account_group_d` WRITE;
-- SKIP ERROR
INSERT INTO `TMS_account_group_d` VALUES ('0110','0111','諸口','2010-06-22 10:35:33'),('1110','1111','現金','2010-06-22 10:35:33'),('1110','1112','預金','2010-06-22 10:35:33'),('1120','1121','受取手形（関係会社のものを除く）','2010-06-22 10:35:33'),('1120','1127','子会社受取手形','2010-06-22 10:35:33'),('1120','1128','その他の関係会社受取手形','2010-06-22 10:35:33'),('1120','1129','貸倒引当金','2010-06-22 10:35:33'),('1130','1131','売掛金（関係会社のものを除く）','2010-06-22 10:35:33'),('1130','1137','子会社売掛金','2010-06-22 10:35:33'),('1130','1138','その他の関係会社売掛金','2010-06-22 10:35:33'),('1130','1139','貸倒引当金','2010-06-22 10:35:33'),('1140','1141','有価証券','2010-06-22 10:35:33'),('1150','1151','自己株式','2010-06-22 10:35:33'),('1160','1161','親会社株式','2010-06-22 10:35:33'),('1210','1211','商品','2010-06-22 10:35:33'),('1220','1221','製品','2010-06-22 10:35:33'),('1230','1231','副産物及び作業くず','2010-06-22 10:35:33'),('1240','1241','半製品','2010-06-22 10:35:33'),('1250','1251','原材料','2010-06-22 10:35:33'),('1260','1261','仕掛品','2010-06-22 10:35:33'),('1270','1271','貯蔵品','2010-06-22 10:35:33'),('1410','1411','前渡金','2010-06-22 10:35:33'),('1420','1421','前払費用（関係会社のものを除く）','2010-06-22 10:35:33'),('1420','1427','子会社前払費用','2010-06-22 10:35:33'),('1420','1428','その他の関係会社前払費用','2010-06-22 10:35:33'),('1430','1431','未収収益（関係会社のものを除く）','2010-06-22 10:35:33'),('1430','1437','子会社未収収益','2010-06-22 10:35:33'),('1430','1438','その他の関係会社未収収益','2010-06-22 10:35:33'),('1440','1441','短期貸付金（従業員等及び関係会社のものを除く）','2010-06-22 10:35:33'),('1440','1444','株主及び役員短期貸付金','2010-06-22 10:35:33'),('1440','1445','従業員短期貸付金','2010-06-22 10:35:33'),('1440','1446','子会社短期貸付金','2010-06-22 10:35:33'),('1440','1447','その他の関係会社短期貸付金','2010-06-22 10:35:33'),('1450','1451','未収入金','2010-06-22 10:35:33'),('1460','1461','預け金','2010-06-22 10:35:33'),('1890','1891','事業主貸','2010-06-22 10:35:33'),('1990','1991','貸倒引当金','2010-06-22 10:35:33'),('2110','2111','建物','2010-06-22 10:35:33'),('2110','2119','建物減価償却累計額','2010-06-22 10:35:33'),('2120','2121','構築物','2010-06-22 10:35:33'),('2120','2129','構築物減価償却累計額','2010-06-22 10:35:33'),('2130','2131','機械及び装置','2010-06-22 10:35:33'),('2130','2139','機械及び装置減価償却累計額','2010-06-22 10:35:33'),('2140','2141','船舶航空機','2010-06-22 10:35:33'),('2140','2149','船舶航空機減価償却累計額','2010-06-22 10:35:33'),('2150','2151','車両運搬具','2010-06-22 10:35:33'),('2150','2159','車両運搬具減価償却累計額','2010-06-22 10:35:33'),('2160','2161','工具器具備品','2010-06-22 10:35:33'),('2160','2169','工具器具備品減価償却累計額','2010-06-22 10:35:33'),('2170','2171','一括償却資産','2018-01-11 06:08:33'),('2210','2211','土地','2010-06-22 10:35:33'),('2270','2271','建設仮勘定','2010-06-22 10:35:33'),('2290','2291','減価償却累計額','2010-06-22 10:35:33'),('2310','2311','営業権','2010-06-22 10:35:33'),('2320','2321','特許権','2010-06-22 10:35:33'),('2330','2331','借地権（地上権を含む）','2010-06-22 10:35:33'),('2350','2351','商標権','2010-06-22 10:35:33'),('2360','2361','実用新案権','2010-06-22 10:35:33'),('2370','2371','意匠権','2010-06-22 10:35:33'),('2380','2381','鉱業権','2010-06-22 10:35:33'),('2390','2391','漁業権（入漁権を含む）','2010-06-22 10:35:33'),('2410','2411','水利権','2010-06-22 10:35:33'),('2420','2421','電話加入権','2010-06-22 10:35:33'),('2430','2431','施設利用権','2010-06-22 10:35:33'),('2610','2611','投資有価証券（関係会社株式及び関係会社社債を除く）','2010-06-22 10:35:33'),('2610','2615','子会社株式','2010-06-22 10:35:33'),('2610','2616','その他の関係会社株式','2010-06-22 10:35:33'),('2610','2617','子会社社債','2010-06-22 10:35:33'),('2610','2618','その他の関係会社社債','2010-06-22 10:35:33'),('2620','2621','出資金（関係会社のものを除く）','2010-06-22 10:35:33'),('2620','2627','子会社出資金','2010-06-22 10:35:33'),('2620','2628','その他の関係会社出資金','2010-06-22 10:35:33'),('2630','2631','長期貸付金（従業員等及び関係会社のものを除く）','2010-06-22 10:35:33'),('2630','2634','株主及び役員長期貸付金','2010-06-22 10:35:33'),('2630','2635','従業員長期貸付金','2010-06-22 10:35:33'),('2630','2636','子会社長期貸付金','2010-06-22 10:35:33'),('2630','2637','その他の関係会社長期貸付金','2010-06-22 10:35:33'),('2630','2638','破産債権等','2010-06-22 10:35:33'),('2630','2639','貸倒引当金','2010-06-22 10:35:33'),('2710','2711','投資固定資産（関係会社のものを除く）','2010-06-22 10:35:33'),('2710','2717','子会社投資固定資産','2010-06-22 10:35:33'),('2710','2718','その他の関係会社投資固定資産','2010-06-22 10:35:33'),('2710','2719','減価償却累計額','2010-06-22 10:35:33'),('2810','2811','長期前払費用','2010-06-22 10:35:33'),('3110','3111','創立費','2010-06-22 10:35:33'),('3120','3121','開業費','2010-06-22 10:35:33'),('3130','3131','新株発行費','2010-06-22 10:35:33'),('3140','3141','社債発行費','2010-06-22 10:35:33'),('3150','3151','社債発行差金','2010-06-22 10:35:33'),('3160','3161','開発費','2010-06-22 10:35:33'),('3170','3171','試験研究費','2010-06-22 10:35:33'),('3180','3181','建設利息','2010-06-22 10:35:33'),('4110','4111','支払手形（関係会社のものを除く）','2010-06-22 10:35:33'),('4110','4117','子会社支払手形','2010-06-22 10:35:33'),('4110','4118','その他の関係会社支払手形','2010-06-22 10:35:33'),('4120','4121','買掛金','2010-06-22 10:35:33'),('4130','4131','短期借入金','2010-06-22 10:35:33'),('4140','4141','未払金','2010-06-22 10:35:33'),('4140','4147','未払法人税等','2010-06-22 10:35:33'),('4140','4148','未払事業税等','2010-06-22 10:35:33'),('4150','4151','未払費用','2010-06-22 10:35:33'),('4160','4161','前受金','2010-06-22 10:35:33'),('4170','4171','預り金','2010-06-22 10:35:33'),('4210','4211','前受収益','2010-06-22 10:35:33'),('4310','4311','製品保証等引当金','2010-06-22 10:35:33'),('4320','4321','売上割戻引当金','2010-06-22 10:35:33'),('4330','4331','景品費引当金','2010-06-22 10:35:33'),('4340','4341','返品調整引当金','2010-06-22 10:35:33'),('4350','4351','賞与引当金','2010-06-22 10:35:33'),('4370','4371','修繕引当金','2010-06-22 10:35:33'),('4380','4381','債務保証損失引当金','2010-06-22 10:35:33'),('4390','4391','損害補償損失引当金','2010-06-22 10:35:33'),('4510','4511','割賦販売繰延利益','2010-06-22 10:35:33'),('4890','4891','事業主借','2010-06-22 10:35:33'),('5110','5111','社債','2010-06-22 10:35:33'),('5120','5121','転換社債','2010-06-22 10:35:33'),('5130','5131','新株引受権付社債','2010-06-22 10:35:33'),('5140','5141','長期借入金（関係会社のものを除く）','2010-06-22 10:35:33'),('5140','5147','子会社長期借入金','2010-06-22 10:35:33'),('5140','5148','その他の関係会社長期借入金','2010-06-22 10:35:33'),('5150','5151','長期未払金','2010-06-22 10:35:33'),('5160','5161','長期預り金','2010-06-22 10:35:33'),('5310','5311','退職給与引当金','2010-06-22 10:35:33'),('5320','5321','特別修繕引当金','2010-06-22 10:35:33'),('7110','7111','資本金','2010-06-22 10:35:33'),('7120','7121','新株式申込証拠金','2010-06-22 10:35:33'),('7130','7131','新株式払込金','2010-06-22 10:35:33'),('7210','7211','資本準備金','2010-06-22 10:35:33'),('7260','7261','利益準備金','2010-06-22 10:35:33'),('7310','7311','その他の資本剰余金','2010-06-22 10:35:33'),('7320','7321','特別償却準備金','2010-06-22 10:35:33'),('7320','7322','価格変動準備金','2010-06-22 10:35:33'),('7320','7323','海外投資等損失準備金','2010-06-22 10:35:33'),('7320','7324','公害防止準備金','2010-06-22 10:35:33'),('7320','7325','減債積立金','2010-06-22 10:35:33'),('7320','7326','中間配当積立金','2010-06-22 10:35:33'),('7320','7327','配当平均積立金','2010-06-22 10:35:33'),('7320','7328','別途積立金','2010-06-22 10:35:33'),('7320','7329','その他の任意積立金','2010-06-22 10:35:33'),('7330','7331','当期未処分利益','2010-06-22 10:35:33'),('8110','8111','売上高（売上控除高を除く）','2010-06-22 10:35:33'),('8110','8119','売上控除高','2010-06-22 10:35:33'),('8120','8121','役務収益','2010-06-22 10:35:33'),('8210','8211','期首商品・製品棚卸高','2010-06-22 10:35:33'),('8220','8221','当期商品仕入高（仕入控除高を除く）','2010-06-22 10:35:33'),('8220','8229','仕入控除高','2010-06-22 10:35:33'),('8230','8231','当期製品製造原価','2010-06-22 10:35:33'),('8240','8241','期末商品・製品棚卸高','2010-06-22 10:35:33'),('8310','8311','必要経費','2010-06-22 10:35:33'),('8320','8321','その他の必要経費','2010-06-22 10:35:33'),('8610','8611','受取利息及び割引料','2010-06-22 10:35:33'),('8620','8621','受取配当金','2010-06-22 10:35:33'),('8630','8631','有価証券売却益','2010-06-22 10:35:33'),('8640','8641','仕入割引','2010-06-22 10:35:33'),('8650','8651','投資不動産賃貸料','2010-06-22 10:35:33'),('8790','8791','雑収入','2010-06-22 10:35:33'),('8810','8811','支払利息及び割引料','2010-06-22 10:35:33'),('8820','8821','社債利息','2010-06-22 10:35:33'),('8830','8831','創立費償却','2010-06-22 10:35:33'),('8840','8841','開業費償却','2010-06-22 10:35:33'),('8850','8851','新株発行費償却','2010-06-22 10:35:33'),('8860','8861','社債発行費償却','2010-06-22 10:35:33'),('8870','8871','社債発行差金償却','2010-06-22 10:35:33'),('8880','8881','有価証券評価損','2010-06-22 10:35:33'),('8890','8891','有価証券売却損','2010-06-22 10:35:33'),('8910','8911','売上割引','2010-06-22 10:35:33'),('8990','8991','雑損失','2010-06-22 10:35:33'),('9110','9111','固定資産売却益','2010-06-22 10:35:33'),('9120','9121','投資有価証券売却益','2010-06-22 10:35:33'),('9130','9131','前期損益修正益','2010-06-22 10:35:33'),('9210','9211','固定資産売却・除却損','2010-06-22 10:35:33'),('9220','9221','投資有価証券売却損','2010-06-22 10:35:33'),('9230','9231','前期損益修正損','2010-06-22 10:35:33'),('9240','9241','災害損失','2010-06-22 10:35:33'),('9810','9811','法人税','2010-06-22 10:35:33'),('9820','9821','法人税追徴金','2010-06-22 10:35:33'),('9830','9831','住民税','2010-06-22 10:35:33'),('9840','9841','住民税追徴金','2010-06-22 10:35:33'),('9910','9911','前期繰越利益（又は前期繰越損失）','2010-06-22 10:35:33'),('9920','9921','中間配当積立金取崩額','2010-06-22 10:35:33'),('9930','9931','減債積立金取崩額','2010-06-22 10:35:33'),('9940','9941','事業拡張積立金取崩額','2010-06-22 10:35:33'),('9950','9951','その他の特定目的積立金取崩額','2010-06-22 10:35:33'),('9970','9971','中間配当額','2010-06-22 10:35:33'),('9980','9981','中間配当に伴う利益準備金積立額','2010-06-22 10:35:33'),('9990','9991','当期未処分利益（又は当期未処理損失）','2010-06-22 10:35:33');
UNLOCK TABLES;

CREATE TABLE `TMS_account_items` (
  `group_d` varchar(4) NOT NULL,
  `item_code` varchar(4) NOT NULL,
  `userkey` int(11) unsigned NOT NULL,
  `item_name` varchar(50) DEFAULT NULL,
  `alias` varchar(50) DEFAULT NULL,
  `system_operator` varchar(32) DEFAULT NULL,
  `transfer_filter` varchar(32) DEFAULT NULL,
  `financial_converter` varchar(4) DEFAULT NULL,
  `financial_order` int(11) default NULL,
  `note` varchar(50) DEFAULT NULL,
  `modify_date` datetime NOT NULL DEFAULT CURRENT_TIMESTAMP ON UPDATE CURRENT_TIMESTAMP,
  PRIMARY KEY (`item_code`,`userkey`),
  KEY `TMS_account_items_ibfk_1` (`group_d`),
  KEY `TMS_account_items_ibfk_2` (`userkey`),
  CONSTRAINT `TMS_account_items_ibfk_1` FOREIGN KEY (`group_d`) REFERENCES `TMS_account_group_d` (`group_d`),
  CONSTRAINT `TMS_account_items_ibfk_2` FOREIGN KEY (`userkey`) REFERENCES `TMS_user` (`id`) ON DELETE CASCADE ON UPDATE CASCADE
) ENGINE=InnoDB DEFAULT CHARSET=utf8;

CREATE TABLE `TMS_transfer` (
  `issue_date` date NOT NULL,
  `page_number` tinyint unsigned NOT NULL,
  `userkey` int(11) unsigned NOT NULL,
  `category` enum('A','P','R','T','Y','Z') NOT NULL,
  `line_number` smallint(5) unsigned NOT NULL,
  `item_code_left` varchar(4) DEFAULT NULL,
  `amount_left` int(11) DEFAULT NULL,
  `summary` varchar(50) DEFAULT NULL,
  `amount_right` int(11) DEFAULT NULL,
  `item_code_right` varchar(4) DEFAULT NULL,
  `note` text,
  `trade` text,
  `locked` enum('0','1') NOT NULL DEFAULT '0',
  `modify_date` datetime NOT NULL DEFAULT CURRENT_TIMESTAMP ON UPDATE CURRENT_TIMESTAMP,
  PRIMARY KEY (`issue_date`,`page_number`,`userkey`,`category`,`line_number`),
  KEY `TMS_transfer_ibfk_1` (`userkey`),
  KEY `TMS_transfer_ibfk_2` (`item_code_left`),
  KEY `TMS_transfer_ibfk_3` (`item_code_right`),
  CONSTRAINT `TMS_transfer_ibfk_1` FOREIGN KEY (`userkey`) REFERENCES `TMS_user` (`id`),
  CONSTRAINT `TMS_transfer_ibfk_2` FOREIGN KEY (`item_code_left`) REFERENCES `TMS_account_items` (`item_code`),
  CONSTRAINT `TMS_transfer_ibfk_3` FOREIGN KEY (`item_code_right`) REFERENCES `TMS_account_items` (`item_code`)
) ENGINE=InnoDB DEFAULT CHARSET=utf8;

CREATE TABLE `TMS_fixed_assets` (
  `id` int NOT NULL AUTO_INCREMENT,
  `userkey` int(11) unsigned NOT NULL,
  `item` varchar(50) DEFAULT NULL,
  `title` varchar(50) DEFAULT NULL,
  `quantity` int DEFAULT NULL,
  `acquire` datetime DEFAULT NULL,
  `location` varchar(50) DEFAULT NULL,
  `durability` int DEFAULT NULL,
  `depreciate_type` varchar(20) DEFAULT NULL,
  `depreciate_rate` double DEFAULT NULL,
  `price` int DEFAULT NULL,
  `residual_value` int DEFAULT NULL,
  `official_ratio` int DEFAULT NULL,
  `modify_date` timestamp NOT NULL DEFAULT CURRENT_TIMESTAMP ON UPDATE CURRENT_TIMESTAMP,
  PRIMARY KEY (`id`),
  CONSTRAINT `TMS_fixed_assets_ibfk_1` FOREIGN KEY (`userkey`) REFERENCES `TMS_user` (`id`) ON UPDATE CASCADE ON DELETE CASCADE
) ENGINE=InnoDB DEFAULT CHARSET=utf8;

CREATE TABLE `tms_fixed_assets_detail` (
  `id` int NOT NULL,
  `year` varchar(4) NOT NULL,
  `month` varchar(2) NOT NULL DEFAULT '',
  `date` varchar(2) NOT NULL DEFAULT '',
  `summary` varchar(50) DEFAULT NULL,
  `acquire_quantity` int DEFAULT NULL,
  `acquire_unit` varchar(50) DEFAULT NULL,
  `acquire_price` int DEFAULT NULL,
  `depreciate_price` int DEFAULT NULL,
  `change_quantity` int DEFAULT NULL,
  `change_price` int DEFAULT NULL,
  `quantity_onhand` int DEFAULT NULL,
  `price_onhand` int DEFAULT NULL,
  `official_ratio` int DEFAULT NULL,
  `note` varchar(255) DEFAULT NULL,
  `modify_date` timestamp NOT NULL DEFAULT CURRENT_TIMESTAMP ON UPDATE CURRENT_TIMESTAMP,
  PRIMARY KEY (`id`,`year`,`month`,`date`),
  CONSTRAINT `TMS_fixed_assets_detail_ibfk_1` FOREIGN KEY (`id`) REFERENCES `TMS_fixed_assets` (`id`) ON UPDATE CASCADE ON DELETE CASCADE
) ENGINE=InnoDB DEFAULT CHARSET=utf8;

